{
  "name": [
    "FRIDGE1",
    "FRIDGE2",
    "FREEZER1",
    "FREEZER2",
    "PHONE",
    "IRON",
    "VACUUM",
    "PC1",
    "PC2",
    "LAPTOP1",
    "LAPTOP2",
    "TABLET",
    "PRINTER",
    "TV1",
    "TV2",
    "VCR_DVD",
    "RECEIVER",
    "CONSOLE",
    "HOB_ELEC",
    "HOB_GAZ",
    "OVEN",
    "MICROWAVE",
    "KETTLE",
    "SMALL_COOKING",
    "DISH_WASHER",
    "TUMBLE_DRYER",
    "WASHING_MACHINE",
    "WASHER_DRYER",
    "BASIN",
    "SINK",
    "SHOWER",
    "BATH"
  ],
  "type": [
    "fridge",
    "fridge",
    "freezer",
    "freezer",
    "fixed_phone",
    "iron",
    "vacuum_cleaner",
    "fixed_computer",
    "fixed_computer",
    "laptop_computer",
    "laptop_computer",
    "tablet",
    "printer",
    "tv",
    "tv",
    "blueray_console",
    "tv_box",
    "gaming_console",
    "electric_hob",
    "gaz_hob",
    "oven",
    "microwave",
    "kettle",
    "toaster",
    "dishwasher",
    "dryer",
    "washingmachine",
    "washer_dryer",
    "basin",
    "sink",
    "shower",
    "bath"
  ],
  "equipped_prob": [
    0.997,
    0.233,
    0.482,
    0.057,
    0.849,
    0.9,
    0.937,
    0.442,
    0.102,
    0.739,
    0.332,
    0.475,
    0.752,
    0.943,
    0.618,
    0.607,
    0.927,
    0.297,
    0.94,
    0.061,
    0.616,
    0.713,
    0.975,
    1.0,
    0.719,
    0.423,
    0.95,
    0.153,
    0.994,
    1.0,
    0.997,
    0.916
  ],
  "related_activity": [
    "level",
    "level",
    "level",
    "level",
    "active_occupancy",
    "ironing",
    "cleaning",
    "electronics",
    "electronics",
    "electronics",
    "electronics",
    "electronics",
    "electronics",
    "watching_tv",
    "watching_tv",
    "watching_tv",
    "watching_tv",
    "electronics",
    "cooking",
    "cooking",
    "cooking",
    "cooking",
    "active_occupancy",
    "cooking",
    "dishwashing",
    "laundry",
    "laundry",
    "laundry",
    "self_washing",
    "cooking",
    "self_washing",
    "self_washing"
  ],
  "inactive_switch_off": [
    false,
    false,
    false,
    false,
    true,
    true,
    true,
    true,
    true,
    true,
    true,
    true,
    true,
    true,
    true,
    true,
    true,
    true,
    true,
    true,
    true,
    true,
    true,
    true,
    true,
    true,
    true,
    true,
    true,
    true,
    true,
    true
  ],
  "mean_elec_consumption": [
    130.0,
    130.0,
    220.0,
    220.0,
    2.0,
    1000.0,
    2000.0,
    140.7,
    140.7,
    60.0,
    60.0,
    12.0,
    335.2,
    124.0,
    124.0,
    33.5521973529143,
    26.8237423726735,
    84.0,
    2400.0,
    0.0,
    2125.0,
    1250.0,
    2000.0,
    1000.0,
    1130.61224489796,
    2500.0,
    405.54347826087,
    792.034786057664,
    0.0,
    0.0,
    0.0,
    0.0
  ],
  "mean_water_consumption": [
    0.0,
    0.0,
    0.0,
    0.0,
    0.0,
    0.0,
    0.0,
    0.0,
    0.0,
    0.0,
    0.0,
    0.0,
    0.0,
    0.0,
    0.0,
    0.0,
    0.0,
    0.0,
    0.0,
    0.0,
    0.0,
    0.0,
    0.0,
    0.0,
    0.0,
    0.0,
    0.0,
    0.0,
    3.54,
    3.54,
    9.26,
    9.26
  ],
  "uses_water": [
    false,
    false,
    false,
    false,
    false,
    false,
    false,
    false,
    false,
    false,
    false,
    false,
    false,
    false,
    false,
    false,
    false,
    false,
    false,
    false,
    false,
    false,
    false,
    false,
    false,
    false,
    false,
    false,
    true,
    true,
    true,
    true
  ],
  "mean_duration": [
    18.0,
    18.0,
    22.0,
    22.0,
    0.0,
    30.0,
    20.0,
    180.0,
    180.0,
    130.0,
    130.0,
    120.0,
    4.0,
    73.0,
    73.0,
    73.0,
    73.0,
    81.0,
    16.0,
    16.0,
    27.0,
    30.0,
    3.0,
    3.0,
    60.0,
    60.0,
    138.0,
    198.0,
    0.649717514124294,
    0.649717514124294,
    2.77537796976242,
    7.91576673866091
  ],
  "after_cycle_delay": [
    36,
    36,
    44,
    44,
    0,
    0,
    0,
    0,
    0,
    360,
    360,
    360,
    0,
    0,
    0,
    0,
    0,
    0,
    0,
    0,
    0,
    0,
    0,
    0,
    0,
    0,
    0,
    0,
    0,
    0,
    0,
    20
  ],
  "standby_consumption": [
    0,
    0,
    0,
    0,
    1,
    0,
    0,
    5,
    5,
    1,
    1,
    1,
    4,
    3,
    3,
    2,
    15,
    14,
    1,
    0,
    3,
    2,
    1,
    2,
    0,
    1,
    1,
    1,
    0,
    0,
    0,
    0
  ],
  "poisson_sampling_lambda_liters": [
    297.1,
    297.1,
    407.0,
    407.0,
    0.0,
    17.7297346053873,
    73.5783986123575,
    304.2,
    304.2,
    60.44,
    60.44,
    3.24,
    14.459661152891,
    103.33,
    103.33,
    56.2110058969084,
    21.064284201826,
    87.36,
    267.345844135875,
    0.0,
    22.98,
    59.0424571821228,
    151.906295473334,
    14.5870785796487,
    273.01616986258,
    305.060216429956,
    182.281292123096,
    511.397476087695,
    22.0,
    31.0,
    32.0460077712464,
    38.0
  ],
  "target_cycle_year": [
    7617.94871794872,
    7617.94871794872,
    5045.45454545455,
    5045.45454545455,
    0.0,
    35.4594692107746,
    110.367597918536,
    747.236551215918,
    747.236551215918,
    472.803129074316,
    472.803129074316,
    147.272727272727,
    654.875958011368,
    701.890637382543,
    701.890637382543,
    1464.26653737683,
    1464.26653737686,
    924.444444444445,
    417.902007298679,
    0.0,
    24.0653471567703,
    94.6193224072481,
    1519.82286616642,
    292.326224041056,
    241.47639572683,
    122.072915738278,
    195.906595865544,
    195.906595865545,
    9.56521739130435,
    13.4782608695652,
    1.24692637242204,
    0.518417462482947
  ],
  "switch_on_prob_crest": [
    0.0666891133557801,
    0.0666891133557801,
    0.0261965448881337,
    0.0261965448881337,
    1.0,
    0.00837169333731118,
    0.00400083616295397,
    0.0670644941260868,
    0.0670644941260868,
    0.254578105461231,
    0.254578105461231,
    0.008542810362217,
    0.0275810176361394,
    0.00734084388753189,
    0.00734084388753189,
    0.0212240066977173,
    0.021224006697718,
    0.0548986789387007,
    0.0134763958002078,
    0.0,
    0.000757348434748596,
    0.00300396929072257,
    0.00616434270609193,
    0.00920800492615076,
    0.0224930152146707,
    0.0170789128126585,
    0.0298198078880916,
    0.0314706781197294,
    0.0501810156491888,
    0.156411480603188,
    0.00651530261181082,
    0.00275306479954382
  ],
  "mean_power_factor": [
    0.8,
    0.8,
    0.8,
    0.8,
    1.0,
    1.0,
    1.0,
    0.9,
    0.9,
    0.9,
    0.9,
    0.9,
    0.9,
    1.0,
    1.0,
    1.0,
    1.0,
    1.0,
    1.0,
    1.0,
    1.0,
    1.0,
    1.0,
    1.0,
    0.8,
    0.8,
    0.8,
    0.8,
    NaN,
    NaN,
    NaN,
    NaN
  ],
  "heat_gains_ratio": [
    1.0,
    1.0,
    1.0,
    1.0,
    1.0,
    1.0,
    0.7,
    1.0,
    1.0,
    1.0,
    1.0,
    1.0,
    1.0,
    1.0,
    1.0,
    1.0,
    1.0,
    1.0,
    0.3,
    0.3,
    0.6,
    1.0,
    1.0,
    0.6,
    0.2,
    0.2,
    0.2,
    0.2,
    0.0,
    0.0,
    0.0,
    0.0
  ],
  "number": 32
}