{
  "name": [
    "FRIDGE1",
    "FRIDGE2",
    "FREEZER1",
    "FREEZER2",
    "PHONE",
    "IRON",
    "VACUUM",
    "PC1",
    "PC2",
    "LAPTOP1",
    "LAPTOP2",
    "TABLET",
    "PRINTER",
    "TV1",
    "TV2",
    "VCR_DVD",
    "RECEIVER",
    "CONSOLE",
    "WIFI_BOX",
    "HOB_ELEC",
    "HOB_GAZ",
    "OVEN",
    "MICROWAVE",
    "KETTLE",
    "TOASTER",
    "DISH_WASHER",
    "TUMBLE_DRYER",
    "WASHING_MACHINE",
    "BASIN",
    "SINK",
    "SHOWER",
    "BATH"
  ],
  "type": [
    "fridge",
    "fridge",
    "freezer",
    "freezer",
    "fixed_phone",
    "iron",
    "vacuum_cleaner",
    "fixed_computer",
    "fixed_computer_2",
    "laptop_computer",
    "laptop_computer_2",
    "tablet",
    "printer",
    "tv",
    "tv",
    "blueray_console",
    "tv_box",
    "gaming_console",
    "wifi_box",
    "electric_hob",
    "gaz_hob",
    "oven",
    "microwave",
    "kettle",
    "toaster",
    "dishwasher",
    "dryer",
    "washingmachine",
    "basin",
    "sink",
    "shower",
    "bath"
  ],
  "equipped_prob": [
    0.997,
    0.233,
    0.482,
    0.057,
    0.849,
    0.9,
    0.937,
    0.442,
    0.102,
    0.739,
    0.332,
    0.475,
    0.752,
    0.943,
    0.618,
    0.607,
    0.927,
    0.297,
    1.0,
    0.94,
    0.061,
    0.616,
    0.713,
    0.975,
    1.0,
    0.719,
    0.423,
    0.95,
    0.994,
    1.0,
    0.997,
    0.916
  ],
  "related_activity": [
    "level",
    "level",
    "level",
    "level",
    "active_occupancy",
    "ironing",
    "cleaning",
    "electronics",
    "electronics",
    "electronics",
    "electronics",
    "electronics",
    "electronics",
    "watching_tv",
    "watching_tv",
    "watching_tv",
    "watching_tv",
    "electronics",
    "level",
    "cooking",
    "cooking",
    "cooking",
    "cooking",
    "active_occupancy",
    "cooking",
    "dishwashing",
    "laundry",
    "laundry",
    "self_washing",
    "dishwashing",
    "self_washing",
    "self_washing"
  ],
  "probabilistic": [
    false,
    false,
    false,
    false,
    true,
    false,
    true,
    true,
    true,
    true,
    true,
    true,
    true,
    false,
    true,
    true,
    false,
    true,
    false,
    true,
    true,
    true,
    true,
    true,
    true,
    true,
    true,
    true,
    true,
    false,
    true,
    true
  ],
  "prob_calc_method": [
    NaN,
    NaN,
    NaN,
    NaN,
    "activity_based",
    NaN,
    "activity_based",
    "activity_based",
    "activity_based",
    "activity_based",
    "activity_based",
    "activity_based",
    "activity_based",
    NaN,
    "activity_based",
    "activity_based",
    NaN,
    "activity_based",
    NaN,
    "activity_based",
    "activity_based",
    "activity_based",
    "activity_based",
    "activity_based",
    "activity_based",
    "occupancy_based",
    "occupancy_based",
    "occupancy_based",
    NaN,
    NaN,
    NaN,
    NaN
  ],
  "inactive_switch_off": [
    false,
    false,
    false,
    false,
    true,
    true,
    true,
    true,
    true,
    true,
    true,
    true,
    true,
    true,
    true,
    true,
    true,
    true,
    false,
    true,
    true,
    true,
    true,
    true,
    true,
    false,
    false,
    false,
    true,
    true,
    true,
    true
  ],
  "mean_elec_consumption": [
    130.0,
    130.0,
    220.0,
    220.0,
    60.0,
    1000.0,
    2000.0,
    200.0,
    200.0,
    60.0,
    60.0,
    12.0,
    335.2,
    124.0,
    124.0,
    33.5521973529143,
    26.8237423726735,
    84.0,
    9.589041095890412,
    2400.0,
    0.0,
    2125.0,
    1250.0,
    2000.0,
    1000.0,
    1130.61224489796,
    2500.0,
    405.54347826087,
    0.0,
    0.0,
    0.0,
    0.0
  ],
  "mean_water_consumption": [
    0.0,
    0.0,
    0.0,
    0.0,
    0.0,
    0.0,
    0.0,
    0.0,
    0.0,
    0.0,
    0.0,
    0.0,
    0.0,
    0.0,
    0.0,
    0.0,
    0.0,
    0.0,
    0.0,
    0.0,
    0.0,
    0.0,
    0.0,
    0.0,
    0.0,
    0.0,
    0.0,
    0.0,
    3.54,
    3.54,
    9.26,
    9.26
  ],
  "uses_water": [
    false,
    false,
    false,
    false,
    false,
    false,
    false,
    false,
    false,
    false,
    false,
    false,
    false,
    false,
    false,
    false,
    false,
    false,
    false,
    false,
    false,
    false,
    false,
    false,
    false,
    false,
    false,
    false,
    true,
    true,
    true,
    true
  ],
  "mean_duration": [
    18,
    18,
    22,
    22,
    11,
    30,
    20,
    180,
    180,
    130,
    130,
    120,
    4,
    73,
    73,
    73,
    73,
    81,
    525600,
    16,
    16,
    27,
    30,
    3,
    3,
    60,
    60,
    138,
    0,
    0,
    0,
    0
  ],
  "after_cycle_delay": [
    18,
    18,
    22,
    22,
    0,
    0,
    0,
    0,
    0,
    0,
    0,
    0,
    0,
    0,
    0,
    0,
    0,
    0,
    0,
    0,
    0,
    0,
    0,
    0,
    0,
    0,
    0,
    0,
    0,
    0,
    0,
    20
  ],
  "standby_consumption": [
    0.0,
    0.0,
    0.0,
    0.0,
    0.0,
    0.0,
    0.0,
    4.2,
    4.2,
    0.0,
    0.0,
    0.0,
    0.5,
    4.3,
    4.3,
    2.0,
    7.2,
    1.0,
    0.0,
    0.5,
    0.0,
    4.2,
    3.2,
    0.0,
    0.5,
    3.0,
    3.0,
    3.0,
    0.0,
    0.0,
    0.0,
    0.0
  ],
  "target_consumption_kWh_year": [
    436,
    436,
    203,
    203,
    28,
    53,
    84,
    194,
    194,
    75,
    75,
    12,
    16,
    127,
    40,
    18,
    104,
    87,
    84,
    177,
    0,
    49,
    55,
    108,
    16,
    278,
    45,
    503,
    22,
    31,
    0,
    38
  ],
  "poisson_sampling_lambda_liters": [
    436.0,
    436.0,
    203.0,
    203.0,
    28.0,
    53.0,
    84.0,
    157.208,
    157.208,
    75.0,
    75.0,
    12.0,
    11.620000000000001,
    89.332,
    2.3320000000000007,
    0.4800000000000004,
    40.928,
    78.24,
    84.0,
    172.62,
    0.0,
    12.207999999999998,
    26.968,
    108.0,
    11.620000000000001,
    251.72,
    18.72,
    476.72,
    22.0,
    31.0,
    0.0,
    38.0
  ],
  "target_cycle_year": [
    11179.48717948718,
    11179.48717948718,
    2516.5289256198353,
    2516.5289256198353,
    2545.4545454545455,
    106.0,
    126.0,
    267.6336397684712,
    267.6336397684712,
    576.923076923077,
    576.923076923077,
    500.0,
    520.7648640573649,
    613.3965049610326,
    16.01263432553988,
    12.503742402865207,
    1714.2220589706785,
    698.2597054886212,
    0.9999999999999998,
    269.77495311523234,
    0.0,
    12.791818600947229,
    43.2595444337504,
    1079.9999999999998,
    232.51625812906457,
    223.23276564168444,
    7.496996395674809,
    514.8998217853858,
    NaN,
    NaN,
    NaN,
    NaN
  ],
  "target_time_running_min_year": [
    201230.76923076925,
    201230.76923076925,
    55363.636363636375,
    55363.636363636375,
    28000.0,
    3180.0,
    2520.0,
    48174.055158324816,
    48174.055158324816,
    75000.00000000001,
    75000.00000000001,
    60000.0,
    2083.0594562294596,
    44777.94486215538,
    1168.9223057644112,
    912.77319540916,
    125138.21030485953,
    56559.03614457832,
    525599.9999999999,
    4316.399249843717,
    0.0,
    345.3791022255752,
    1297.786333012512,
    3239.999999999999,
    697.5487743871937,
    13393.965938501065,
    449.8197837404885,
    71056.17540638325,
    NaN,
    NaN,
    NaN,
    NaN
  ],
  "switch_on_prob_crest": [
    0.09078793936365154,
    0.09078793936365154,
    0.006065785384744102,
    0.006065785384744102,
    0.01140895919814107,
    0.02523934907339386,
    0.004573256750027209,
    0.013802021131617895,
    0.013802021131617895,
    0.034284262528436214,
    0.034284262528436214,
    0.027380888579543943,
    0.021885494541522974,
    0.006214455240732023,
    0.0001339225384011927,
    0.00010446866649784795,
    0.028446055687363712,
    0.037561640013920164,
    0.9999999998835847,
    0.008616087753365406,
    0.0,
    0.00040207624401027007,
    0.0013649308793303478,
    0.004357120129563789,
    0.007318798522881307,
    0.020697910582539388,
    0.0010201192872326644,
    0.09753697812246033,
    NaN,
    NaN,
    NaN,
    NaN
  ],
  "mean_power_factor": [
    0.8,
    0.8,
    0.8,
    0.8,
    1.0,
    1.0,
    1.0,
    0.9,
    0.9,
    0.9,
    0.9,
    0.9,
    0.9,
    1.0,
    1.0,
    1.0,
    1.0,
    1.0,
    1.0,
    1.0,
    1.0,
    1.0,
    1.0,
    1.0,
    1.0,
    0.8,
    0.8,
    0.8,
    NaN,
    NaN,
    NaN,
    NaN
  ],
  "heat_gains_ratio": [
    1.0,
    1.0,
    1.0,
    1.0,
    1.0,
    1.0,
    0.7,
    1.0,
    1.0,
    1.0,
    1.0,
    1.0,
    1.0,
    1.0,
    1.0,
    1.0,
    1.0,
    1.0,
    1.0,
    0.3,
    0.3,
    0.6,
    1.0,
    1.0,
    0.6,
    0.2,
    0.2,
    0.2,
    0.0,
    0.0,
    0.0,
    0.0
  ],
  "previous_appliance_type": [
    NaN,
    NaN,
    NaN,
    NaN,
    NaN,
    NaN,
    NaN,
    NaN,
    NaN,
    NaN,
    NaN,
    NaN,
    NaN,
    NaN,
    NaN,
    NaN,
    NaN,
    NaN,
    NaN,
    NaN,
    NaN,
    NaN,
    NaN,
    NaN,
    NaN,
    NaN,
    "washingmachine",
    NaN,
    NaN,
    NaN,
    NaN,
    NaN
  ],
  "previous_activity": [
    NaN,
    NaN,
    NaN,
    NaN,
    NaN,
    NaN,
    NaN,
    NaN,
    NaN,
    NaN,
    NaN,
    NaN,
    NaN,
    NaN,
    NaN,
    NaN,
    NaN,
    NaN,
    NaN,
    NaN,
    NaN,
    NaN,
    NaN,
    NaN,
    NaN,
    "dishwashing",
    NaN,
    "laundry",
    NaN,
    NaN,
    NaN,
    NaN
  ],
  "number": 32
}